File Index,False Negative loc
2,21
2,14
2,8
2,240
2,229
2,213
2,198
2,185
2,175
2,165
2,132
2,103
2,78
2,72
2,66
2,56
2,50
2,46
2,36
2,26
3,21
3,14
3,8
3,248
3,237
3,221
3,206
3,193
3,186
3,177
3,160
3,128
3,104
3,79
3,71
3,61
3,54
3,50
3,40
3,30
3,26
4,211
4,197
4,182
4,156
4,146
4,133
4,96
4,92
4,88
4,85
4,74
4,65
4,60
4,56
4,50
4,39
4,33
4,29
5,302
5,112
5,104
5,99
5,18
5,400
5,382
5,373
5,362
5,352
5,333
5,313
5,271
5,250
5,226
5,202
5,181
5,165
5,135
5,55
5,34
5,294
5,289
5,282
5,94
5,90
5,84
5,79
5,73
5,69
5,8
6,242
6,235
6,229
6,51
6,44
6,34
6,24
6,309
6,297
6,282
6,264
6,251
6,217
6,208
6,197
6,181
6,169
6,161
6,147
6,133
6,125
6,115
6,107
6,78
6,71
6,63
6,224
6,19
6,13
6,9
7,251
7,244
7,238
7,56
7,49
7,39
7,29
7,321
7,308
7,292
7,273
7,260
7,222
7,213
7,202
7,186
7,174
7,166
7,152
7,138
7,130
7,120
7,112
7,83
7,76
7,68
7,233
7,229
7,22
7,18
7,9
8,302
8,112
8,104
8,99
8,18
8,400
8,382
8,373
8,362
8,352
8,333
8,313
8,271
8,250
8,226
8,202
8,181
8,165
8,135
8,55
8,34
8,294
8,289
8,282
8,94
8,90
8,84
8,79
8,73
8,69
8,8
9,152
9,143
9,135
9,379
9,364
9,341
9,316
9,299
9,282
9,266
9,243
9,225
9,212
9,200
9,188
9,66
9,127
9,123
9,111
9,101
9,96
9,90
9,86
9,55
10,35
10,28
10,81
10,75
10,64
10,47
10,12
10,8
11,108
11,73
11,67
11,350
11,336
11,319
11,297
11,285
11,264
11,247
11,225
11,209
11,198
11,145
11,134
11,116
11,85
11,63
11,53
11,43
11,39
11,33
11,29
11,177
11,174
11,168
11,164
11,160
11,154
11,103
11,94
12,160
12,128
12,120
12,458
12,445
12,432
12,410
12,402
12,396
12,390
12,377
12,364
12,357
12,350
12,340
12,325
12,275
12,253
12,240
12,204
12,160
12,154
12,150
12,140
12,120
12,116
12,112
12,108
12,102
12,98
12,310
12,305
12,297
12,293
12,289
12,263
12,174
13,74
13,65
13,57
13,252
13,228
13,204
13,176
13,158
13,139
13,124
13,94
13,46
13,42
13,36
13,29
13,19
13,13
14,305
14,282
14,270
14,261
14,248
14,224
14,207
14,196
14,184
14,175
14,162
14,150
14,142
14,133
14,123
14,110
14,291
14,238
14,95
14,85
14,78
14,72
15,74
15,65
15,57
15,252
15,228
15,204
15,176
15,158
15,139
15,124
15,94
15,46
15,42
15,36
15,29
15,19
15,13
16,453
16,446
16,440
16,107
16,93
16,83
16,430
16,421
16,411
16,401
16,387
16,373
16,366
16,347
16,335
16,321
16,312
16,295
16,281
16,268
16,256
16,236
16,229
16,218
16,212
16,139
16,118
16,79
16,73
16,69
16,60
16,56
16,52
16,195
16,190
16,183
16,179
16,173
16,166
16,159
16,149
16,104
17,134
17,126
17,119
17,354
17,344
17,327
17,310
17,297
17,286
17,208
17,190
17,175
17,165
17,157
17,145
17,71
17,57
17,263
17,245
17,235
17,230
17,224
17,111
17,108
17,103
17,99
17,95
17,89
17,49
18,62
18,66
18,70
18,79
18,83
18,89
18,92
18,95
18,113
18,128
18,139
18,151
18,160
18,184
18,193
18,204
18,213
18,223
18,227
18,231
18,234
18,244
18,250
18,257
18,263
18,267
18,273
18,277
18,282
18,297
18,312
18,320
18,322
18,326
18,340
18,366
18,401
18,415
18,429
18,436
18,449
18,464
18,473
18,476
18,487
18,498
18,529
18,553
18,577
18,589
18,605
18,622
18,639
19,358
19,347
19,337
19,330
19,319
19,305
19,291
19,283
19,275
19,268
19,254
19,241
19,233
19,225
19,215
19,201
19,191
19,183
19,169
19,155
19,142
19,129
19,114
19,103
19,96
19,88
19,69
19,58
20,218
20,211
20,205
20,86
20,42
20,457
20,438
20,428
20,417
20,411
20,352
20,336
20,318
20,297
20,284
20,266
20,257
20,251
20,240
20,149
20,137
20,100
20,69
20,53
20,396
20,195
20,191
20,187
20,181
20,81
20,32
21,66
21,482
21,473
21,466
21,447
21,291
21,270
21,249
21,224
21,211
21,195
21,179
21,120
21,27
21,21
21,11
21,5
21,164
21,153
21,142
21,137
21,130
21,125
21,85
21,81
21,76
21,71
22,266
22,259
22,253
22,250
22,243
22,233
22,42
22,38
22,556
22,500
22,464
22,430
22,405
22,365
22,335
22,310
22,113
22,109
22,99
22,89
22,85
22,79
22,75
22,64
22,58
22,31
22,19
22,228
22,221
22,217
22,208
22,204
22,200
22,196
22,192
22,9
23,504
23,485
23,473
23,464
23,451
23,408
23,390
23,368
23,352
23,336
23,313
23,290
23,273
23,255
23,235
23,212
23,193
23,180
23,161
23,143
23,441
23,435
23,431
23,129
23,125
23,120
24,980
24,963
24,921
24,912
24,855
24,825
24,795
24,771
24,763
24,743
24,724
24,707
24,695
24,669
24,643
24,575
24,561
24,549
24,531
24,508
24,473
24,440
24,424
24,414
24,402
24,375
24,362
24,340
24,334
24,330
24,321
24,317
24,312
24,308
24,304
24,298
24,294
24,288
24,281
24,275
24,265
24,262
24,257
24,251
24,239
24,230
24,226
24,217
25,110
25,103
25,97
25,94
25,87
25,77
25,67
25,310
25,300
25,293
25,279
25,266
25,252
25,215
25,170
25,145
25,127
25,119
25,55
25,36
25,13
26,63
26,67
26,73
26,77
26,87
26,97
26,108
26,113
26,121
26,129
26,142
26,150
26,157
26,164
26,177
26,190
26,197
26,206
26,214
26,228
26,246
26,259
26,264
27,226
27,219
27,213
27,210
27,57
27,559
27,545
27,537
27,529
27,522
27,507
27,493
27,482
27,475
27,464
27,448
27,436
27,377
27,361
27,346
27,286
27,276
27,267
27,257
27,251
27,244
27,151
27,144
27,135
27,128
27,85
27,69
27,236
27,232
27,206
27,200
27,196
27,190
27,183
27,177
27,167
27,163
27,159
27,118
27,108
27,99
27,53
28,340
28,328
28,315
28,309
28,297
28,281
28,265
28,241
28,231
28,223
28,197
28,183
28,176
28,169
28,160
28,103
28,94
28,87
28,74
28,146
28,142
28,136
28,132
28,125
28,121
28,117
28,64
28,60
28,54
29,281
29,274
29,268
29,416
29,403
29,388
29,373
29,360
29,342
29,309
29,33
29,24
29,17
29,214
29,205
29,192
29,183
29,176
29,163
30,860
30,851
30,780
30,777
30,697
30,687
30,942
30,934
30,919
30,911
30,884
30,871
30,844
30,836
30,826
30,813
30,804
30,792
30,763
30,749
30,741
30,732
30,725
30,710
30,656
30,633
30,613
30,600
30,578
30,553
30,523
30,498
30,478
30,468
30,460
30,449
30,432
30,422
30,403
30,385
30,366
30,359
30,341
30,333
30,319
30,306
30,298
30,285
31,249
31,102
31,292
31,284
31,258
31,208
31,173
31,161
31,150
31,133
31,117
31,239
31,235
31,198
31,95
32,206
32,199
32,259
32,250
32,189
32,171
32,151
32,134
32,119
32,76
32,66
32,57
32,53
32,49
32,237
32,227
32,221
32,217
32,101
32,91
32,87
33,154
33,147
33,19
33,261
33,249
33,236
33,222
33,215
33,208
33,195
33,177
33,97
33,93
33,89
33,47
33,29
33,164
33,143
33,133
33,122
33,118
33,112
33,108
33,11
33,8
34,337
34,325
34,16
34,619
34,602
34,572
34,526
34,504
34,484
34,464
34,443
34,427
34,417
34,401
34,391
34,375
34,361
34,310
34,285
34,268
34,257
34,222
34,209
34,37
34,26
34,190
34,186
34,182
34,175
34,171
34,162
34,156
34,152
34,147
34,142
34,9
35,268
35,261
35,255
35,252
35,245
35,235
35,146
35,504
35,482
35,471
35,437
35,423
35,416
35,404
35,391
35,374
35,364
35,349
35,335
35,321
35,307
35,293
35,278
35,183
35,173
35,160
35,230
35,226
35,220
35,215
35,206
35,202
35,140
35,136
36,266
36,259
36,253
36,250
36,243
36,233
36,42
36,38
36,556
36,500
36,464
36,430
36,405
36,365
36,335
36,310
36,113
36,109
36,99
36,89
36,85
36,79
36,75
36,64
36,58
36,31
36,19
36,228
36,221
36,217
36,208
36,204
36,200
36,196
36,192
36,9
37,147
37,109
37,103
37,392
37,378
37,361
37,339
37,327
37,306
37,289
37,267
37,251
37,240
37,184
37,173
37,155
37,126
37,99
37,89
37,79
37,75
37,69
37,65
37,50
37,44
37,37
37,30
37,223
37,217
37,212
37,203
37,199
37,195
37,142
37,138
38,340
38,328
38,315
38,309
38,297
38,281
38,265
38,241
38,231
38,223
38,197
38,183
38,176
38,169
38,160
38,103
38,94
38,87
38,74
38,146
38,142
38,136
38,132
38,125
38,121
38,117
38,64
38,60
38,54
39,68
39,32
39,108
39,92
39,61
39,44
39,73
39,26
39,22
39,19
39,8
40,594
40,582
40,561
40,551
40,538
40,488
40,468
40,444
40,422
40,403
40,371
40,344
40,324
40,303
40,286
40,270
40,252
40,242
40,517
40,507
40,503
40,229
40,224
40,216
41,78
41,69
41,61
41,256
41,232
41,208
41,180
41,162
41,143
41,128
41,98
41,50
41,46
41,40
41,33
41,23
41,17
42,154
42,147
42,19
42,260
42,248
42,235
42,221
42,214
42,207
42,194
42,177
42,97
42,93
42,89
42,47
42,29
42,164
42,143
42,133
42,122
42,118
42,112
42,108
42,11
42,8
43,349
43,255
43,38
43,10
43,426
43,409
43,392
43,379
43,336
43,330
43,317
43,278
43,269
43,212
43,184
43,138
43,129
43,122
43,109
43,94
43,85
43,74
43,64
43,52
43,19
43,293
43,250
43,33
43,27
44,352
44,153
44,147
44,43
44,10
44,439
44,422
44,411
44,400
44,388
44,332
44,320
44,313
44,251
44,223
44,177
44,167
44,137
44,124
44,111
44,104
44,93
44,84
44,72
44,63
44,54
44,23
44,289
44,36
44,32
45,57
45,50
45,43
45,40
45,33
45,23
45,13
45,9
45,295
45,289
45,273
45,261
45,233
45,221
45,207
45,192
45,180
45,171
45,127
45,117
45,112
45,106
45,102
45,94
45,90
45,85
45,81
45,77
46,164
46,139
46,114
46,102
46,83
46,52
46,21
47,266
47,411
47,401
47,393
47,378
47,364
47,326
47,309
47,299
47,292
47,278
47,190
47,177
47,170
47,161
47,138
47,122
47,114
47,46
47,36
47,32
47,24
47,20
47,13
47,256
47,250
47,246
47,239
47,232
47,227
47,216
47,210
47,202
47,97
47,92
47,85
47,81
47,74
47,67
47,61
48,136
48,95
48,89
48,392
48,378
48,356
48,338
48,317
48,299
48,286
48,270
48,249
48,238
48,227
48,173
48,158
48,144
48,112
48,79
48,69
48,65
48,59
48,55
48,48
48,211
48,207
48,202
48,198
48,192
48,188
48,126
48,122
49,68
49,32
49,108
49,92
49,61
49,44
49,73
49,26
49,22
49,19
49,8
50,64
50,56
50,300
50,293
50,269
50,241
50,222
50,214
50,206
50,195
50,180
50,166
50,158
50,150
50,140
50,124
50,114
50,104
50,83
50,45
50,40
50,27
50,22
50,14
50,10
